AAGCCCAATAAACCACTCTGACTGGCCGAATAGGGATATAGGCAACGACATGTGCGGCGACCCTTGCGACAGTGACGCTTTCGCCGTTGCCTAAACCTATTTGAAGGAGTCTAGCAGCCGCAGTAAGGCACAATACCTCGTCCGTGTTACCAGACCAAACAAGACGTCCTCTTCAATGTTTAAATGACCCTCTCGTCATA	5.058832952488124
AACCTTTCTACTATGTGTTCCGCAAGAATCAACAACTACAATGGCGCGTCGTGAATAACGCGACGGCTGAGACGAACGGCGCGTGAATGAAGCGCTTAAACAGCTCAGGAGCCAGTCCCCTACGTCGCATATCCTGGCCACTGGAGGTGAAGCGAATGGTATCGATACGTAGGAGGTGTGCCTTCGTAGGCTGTTTCTCA	28.378640499302744
GACGCCCAACTATTCTTTCCAATCCTACATCTGTTTCTTGCGTCGTAGCGGGACCCTCCATTGTTACTTATTAGGTTCTCGTTATGTCTCATAATCTCAGTGCTGGTGTGATAAGCAAACCACCCTACTGGCACGAAGTTCACAGAAGTGAGATTATGTCTCGTTTGGCAGTCTTGATGCTCGGGGGACACTTCTTTAAG	22.159640047253014
CGGTGTGGTGGGCACGACCCTGGACGCGCGACGAAGCTAAGTTTGCAGTAATTAACCGACATCTTTGTGAACCGACCCACATTTGACGGTACGCTACCGCAACGGTATGTGTTAATGGAACAGACTTGCTTATGTGGACGTTGTATAGGGATATTACGTTACGCGTTAACCGATACATACTGGTTTCTCTCCAGTGGAGG	83.74759226064214
TCTTGGTTGCCTCTAGTTTCTACGATATACTCATGGTAGTGTAACGCATAATCGAAGAGGGTCCTCCCATCTCCTGTGATGCATGGTGTGCTTACTGGGATGAATGCGCCGCAAGTAGCAGGTCCCGGCGTGGATACCTGATAGATGGTGACTAGCATGTACAAGTAACCTTGTCTATTGAGCTTCGAGGATGCATACAA	78.67945904546167
CCCACCCGCAGCCGCAACAGCGACGACTAATTGATCAGTAATTTATTAAGCACGGTGTTAACTTCTGTTTAGTGGGCTAAAATAGCAGATGTAGGGACCTCAGGAGCTAGACGGGGACCTACAACTTTGCGGGAACCAAGTTTTTGCAGTAGTGACTAACGCCGGGAATTCCTCGATATATAGTTTGATAGCTGATACTT	52.39625430006316
TGGCGCAACGGCCACGCCCACTTTGGCTATTGGAGAGTTAAGGAATTATCGTCATAGACACTTCGGGTTGAGAGATGGCGACGGTCAGTGCATGAGGCCGTCCCCAGAAGCTCCCCTATGCTGTCCGTCGTTGTTCCCGATGAAGACGTCTACTGATATGCTAGCAGAGCCAGTCTTAAAGCCTAGCGAACTTAATACCG	42.92388931033337
GCTCAGAATTATGGAGAGCAGCAGGCTTCCATAGCACAGGTTGACGGAGGAGTTTTGCTTGGATATCGGAAGGGTTCTGTAGTGAATGCACTACACGGTACTGGTACGTGGCAACTTAGGTCGTCACATCTAGGAGGCCGCACCCTAGGTCAAGTTTTACGATTGCCCTAACGCCGCGGAGCGCGACCCGAAAAGCTATG	64.19072893012327
GTCTGTAACTTTTCGCGGGTCGAGCTAGTCCAAGTTCCGGCCTTTGTAATTCCGAAGTTGAATCGGTGATACGGATTGACATGGGCCTAAACGTTCCGGCTGGTGTAGGATGATGCATCTCCAACATGTCTCTTACCGTTGCTGGGTCCGGCGGCTGTGGGATTGCGAGAGTGTCCGGCACCACCAATGTACACTTTCGG	28.541534130199185
AACACTCATTCGAAGAGGTTCTGCAGCTGCAGGCCTTGATACCTGCAGTCTGGGAGGCAATGCTGAGGCCCTCTGTTCCATGAAACCCGTACTATATCTTATGATGACAATGAAATAGTCCTGTTTTACGACTCCAAGTTTCCTGCGCAATACCAAATACATTCCACGCGGCGCCTGGACTTAGTGTTCGTCTCCGCTAT	96.77861885466267
CTCGCGATGACAGTAACCTCGGACCATCCTCGGTTGGGGTTATGCGGTACCAGTGCCGCTCTGGTTTCGCCTCAAAAATCCACACTGATTAATAAGGATCAACCCGGGTAGTTCCGAAATTTTAACATTGAACCTGAAGACGACCTAGCCTGTCAGAATCAGTGAGTTCGTTCTAGCAAGCTCTGGAAAGTGGACACTTT	10.329292734162433
AGAGTAGTTACCTCCGGGTCACTGTGTAGGCTCTACGATGTGTGTCGGCTGCTGGTCGTGTGACCATCTGATTCGCGCTTATTTTAGAACGCATGTAAAGCCTGTTCGATAGTAACGGGTCTGTATTGAGAAAGACCCCGTTCTCCTTACTTTACCGAACGGCTAGTGTTAGGTCGACGACGACGCTTCTTCTCCTGCCG	84.1985214136548
AGATCCTTTTTTTCAACGAGCGCTTAAGGATCTACGATGGATACCGTCCCCAGGCGGGGACTAGCCCCGCTTCGTTTAATGGTTGAATGATCTCTGGGGCTGAAATAACTTATCCGCGAGGAGCATGCTAAACTACCTAAGATCTACTAAAGGGCTCCAACTGCCTTCAACATGTGCCGACGAGCCTGACTTACTAAGGC	38.68382488251775
TGCTAAAAGCAATGTTTACGAGACCGTAGTCACATATAGCAACACTGGCGCGAAGTGAGATTGATCGCGAACAAACATGTCCATCGCTGGAGAACCATATGGGATAGCGGCTGTCCCATACGAGATGACCTTACGAACTGTAACTAATCCGGGTGGTGCACCACACTTGTAGCTGTGAACGACGCACGTAGGCATTCATA	80.38967534438501
CAAACCCTGAGAAACTCAGAATACTTTATTCGCCGGTCACGTTTAAGTCTCCATGTTGGTGCAGCAGATGCCACCGACTGCCCGGAGCCTGCTAAACCATAGCCGCGAACCAGAGTAGGGCCTTGCGCCTGGCCATACGCATCGACGGCAGTAGCCAGGAAATTTCTTTGTATCCTAAGAGGAAGCTCAAGTATCTCAAG	20.555047671793712
CTGGGCAATTCAGATAGTCAACCGATAGTTTGATCGTGCTAGTTGCGACAAGTCATTTCTGATACATCCCCCATATCCGGAATTGGTATATCCAAAGGTGTTTACGTCTATGCATGGAGGGGTACCGTGGTACTCTTGACAGTCACCCACATAGCGGTTAACGTTCTGGCGAGATACCCCCGTAATCCACGGGTTGTGCT	30.214509127435196
TAAGGGATAGGGGGGCCCATGCATGGTTTACGCTGGCCGATCGCGACGCGTGGGGTATAATCATGTACCCGTTCGCATGCGAATGCCCTACTTTTTTAACGAGCAACCGGCATGCAAGGTGTCGTGCCTACCCCACAGATGAAAAAATTTAGTCCAGTAGCTAAGAATCCGCGTGCATCTGCAAAATCAAAGCTGGTAAC	87.41404491621591
GGGTAAAACCGGTGAGGCATTTGTTTCACACATTTCTGACTTATTAAGGACGATCTGTCAACTTCATGCGGACTTCATTTATTGATAATTAAAGCTGGACTGTGTAACAGGGGAACTCTAGCCATCTCGATAATTCTAATTCCCATGTTCGTGGTCCTGGCCCGGCCGAGTTGTAAATCAACGCGGCAGCAGTACTCGAT	38.75546486419903
GAAGCTCGCCGTCACCATATGGCCGAGTCACGAGTGAGCCACTTAGCCGGGGCTAAGTCCAGTATGGAGTTAGCGAACAACCTACTACATGAAAACGACGTTTTTGATAAAAAGAGGAGTTTATCCCTGCGGACAAATAGCGCTCCCCGCACATAGAGACTGGCCAGACGTTGGCGGTCAGCCTGGCGTTTGGTACAGCC	26.32346505935833
AAAATCAGTCGTCGCTATGACCCTCCCTGACTCAGGCACGTTTAAGAGGCTTGAGTCTGGTTACTCCAGCCCCGACTGATTTCCTACACCCACACGCTAGACTTTCCTCCGCGTACTTCAACTCACTAAATCATTGATCTTGATCGTCAGTGCAAAATCGTGACTGGTGGTCTTCGTGGGTCACTCACTGACTAACTTAA	26.30919979644585
GAATTGACTTACGCACCAGCACAGTGTTCAAAGGGGCCTTAGCTAAGGAGGTTTCGTTATAGATCCGTGAGCGATGACTGGCGCCTCCCGCCCCGCAAATAATGGTGTCGTCCATTAGTCTATGAACTAGGGCGCGTGGCTTCTGGTGTCCCAGCTTCCCTACTTCGTGGATACACGTATGGGGGGATAGCCGGGTTATG	46.37520807364
CCGTTAACGCGGGGTGTGTTCCACCGACCTAAATAATAAGCATGCCGTCCCAAGGTTGTCCTTGGTCATGGTGCGAACGGTATTGATGCAGCTTTCCTTCGATCGGGTCACCGATTGTCGACAACAGGCTACACATCGTGTGTAGACAGTATCCGTAACTTCACTACTTGGCAAGTGCGACACTGACGATCAATCGACCT	9.140155230421298
GAAGCACTCGGTCATGCGATTGTCCGGTGCACTGGGTATCAGCGATCTCGGTGAAAACCACATCAATTGAGCAACTATAGTGAGAAGACAACTCCCCTAGTTACCTGCTGGGGTTGCCTGGTTTAAGACGAGCCGAGCAATGCCGGCCGGATCAGTCTAGATAAGGTTACATAGAGCGCCATTACTGTCCGATATGATTC	76.2032919636896
TCTTCCCAGTGAATTGGCGGAGCGTCTACCGCAAACCGAGAGTTAGCCCGTCATAGCAGCGATAATGGAAGTCTAGTACCTAACGGTTCAGGGGCGAGTAGCCGTCATCTCCTGGTCCCCCGCTCCGAACGCAGTTGTGCCACCAGCCCAGATCTGCTTTCCCCATAGTCCCACTTGTCTTATGTAATTACTATACGTTG	77.36770125301257
GTCTGACTTAACCTTGTACTCTAGGCAAATGATCTTACGCCCCATGGTGCACCAGATTTATCCTTTTAACGCACCAGACAGGAAATCCGCTGAAGGGTATAGTCAGGTCCAAATGTGGGCTTTCCGCAAATACTTAGGCACGGAGGGAAGGTACCGGTTACTCTGTTAGGACGGACGAGTCTCAGGAGTATCGTGCGCAG	78.49439832374084
CATATCCGTGGCACCATTAAGAAGTAAGAGCGCCGGGTAGCCGAAACGGGCGCCAGGTACATAATAATTCTGGGCATCATATGTTCCCGGTCGGTTAATAGTTCGGCATAGAGTTTCCCTTAGCTTGCCATATGATCGTAATGTAACCACCTGTTCCGGGTGAATCGAGAAGAGACTTGTTTTCCTCCTGTCGCCAAACT	65.79266968126231
CACTTTCTTTTGCCTATCGTGAATGATACGTAACTAGAGATTTGTGGGCAGGATCAGAGTACAGGCGGGAACCTGCGCTCAGACCTTTCTCCGAGAACTTTGTCTTTGCTAGTTGAAGTGGGGAGTTCCGCGAAAATAATGCGGCAAAACAAACTCACGGTATGTGGCAGATTGAGGCTATCTCTACTCATGAAAAGTAT	14.88542754416564
AATGCGTATTTTACATTAGGGTAAGGATGCCATCGTAGTATCCACACTTAGTTAAGAGATACTCCAACTATACCACAGATCAAATCACTGTGACGCACGAAGCTCGCTCACATCATAAACAGTTCCCGTTCCACTAGGTACCAAGCTCGACACTTCCAAGGCTGGTAAACCATAACTGTCGCAGCACTCTCATTATCCTC	38.73303038886567
CTCGGCGCAAGCATTTCGCGCCCATTCTTGATCCGTCCATAATATTTATTCAATCCGGCAATGCTATTCTCGTAATGAGTGCAGAGAATGTAGGCACCGCATCCGGGTGAAGGTTATGTGACTAATCGAACGACTCCAGTCTGTTAGCAACGTGGTTTGCGCGCTGGACGGTCCGCCCCCAAGCTGGCCAGGCGTCGAAT	93.10689158694215
CTGCAGGTGCTGATACAGATCTGAGACCGCAATATCTGAGTCTGTGAGGGGTACTTTGCTTCACCGTGATAATGTCTCCCTGTAGGTTCAACGGTAGTCTCAAGTAGTTGTAGAGCACGTCGCAGGTGAGGACCACGGGGGAGCACGGTTGCACCCCATTAACATGGGCTGCGAACCCCGCCCATAAATTACAAATAGAA	30.164580544521225
AAACCCGAACGGGCCAAACCGCAACTGCTACGTTCCTAGATACTGGAAGTATGTGTCTGTCATGCATATTAACTTACAGCGCTACTTGGTGTTTGCTAAGTTCCAAAATACTGCGAATTCGTTGGAATATTGTTTAACGCTTCGTTATTTCATGTTGGGAAACGGAGTATGGTGACCCGAAGAGCAGATTTGATAGTTGA	80.83265683677689
ACGTGCGGTCTACGGAGTCAAGGATTCGAGGTGCTTGTCACTCTGTACGTCCCGTTGACTGGCGCTCACCACGTTTTACCGCAGGCATAAAGGATGATCCAAGTACAGGTCTCCACCGTTGATGAGTTCGCGTGGAAACGTGGACTTATGGACGCCTGTAGATTTGTACGAGTGTAACTCATCGGAACCCTGTTCGCGGC	8.439895074439363
GCTTCAACATCGCATTGCAGCAATTTACCCGGTTCTCCGCTCTCAGGCTCGTAATCGTCTTGAAAAGCTGAAGTGTGCACGCTGTCAGTCGAGACTGGTGGGGTCGTCTACCACCATGCTTATATGTTTACAGACGCCGCACTACTAGAGATGAGCAATTTGAGATGCCAGGAATATGCCTAACCTTGCAGTTGCGAGCT	44.544241492012915
TTGTATGCTTAAGTCCTAGTTATGCCGCTGAAAATTATGGGAAATCCTAATGGTTGGCCCAGATAATAACTTTTGGTGACCACAACACTCCTCAGTCTTAACCTTTATCCGTAGAATTTGATTTTCAATGAGTTATGTTACGCTGTCCGTCGTTGTCCGATCCCCTATTGCCAAGGGCCAAGTACACTGGGAGCAATTAA	78.16523955059985
AAACACGCGTTACGGCACTTACTGGCAGGTGCCTCCTTTTGATCAAAGGTCTATACAGTTGGGAGCTTCTGTCGAAGTCGCAGGCAAGCGTAAGGGAAATGATGCCGGGCTCAGCGTACTTAAATCTCTAGTTGTTTTTCCCTTCACTTACGATAAGGACAGGGGGTACCTAGGCCTAAGAATTGTGTTCCTTTCGATTC	90.02444177523041
GATGACAGAACACTAACAGCCTAGTATAGTCTAGTGAAACGCCGACGTCAGCAAGTAGCTGGTAACCCTTAGAGTTATATCAGACCGTTACCGCCTTAATGCAATGGTGCGACAGATACGTCGGGTGCGGCTGACATAACTTTAAATAGTGTCAATGCTACAGGCAGCCTGAGTCACTAGTCCCACACGCGCAGTATAGT	84.43415537111943
TGATTGACAGTTGATCGAACTACCCGGAAATTAGGCATCGAGCATATAAAATGACATAGTAAAAGTTATCATTTTAGATGCAAAACCGGTTTCCCAACGTGGCCTGGGGACACATGCCCAGCTTGGGTGCATATCACCTCCTGTCTCAGAAGAACGTCGAACCGCCGCGCCCACGAACTAGCGTCGGCTAACCCCTGGTC	92.1013594017887
CGCGCAGCTCATACTGTTCGGTTTGTACCCTCTCGTTCGGACAGTGCATGTTTTTGTGGTACTCGAGAGAGCAAAGACGCGGGGCCGAGGGTTATCTCCCTCTTGAGCTTCTTAGCCGATGGCTTTGGAACCGTTCTATCTAGTGACACATACCATGCCGATAGACGTTCACTTATCCCGTTCGCTGCACTATCGTTTAA	28.79117849938506
TGGTCTCCTTTCATACCGGACTTAGAAGTTCGCATAATTGTCTAAGACGTTTAACTCTGCCAACGATCAAGCTGCCACTAATGTAAATCCGCCAATAAGCACACCATAGGCCTTACCAGGCATGATCTCAGGAACTGTACGAGTCGCGTAGATTCACAAGCTCAACGTGCCTCACTGCGGATGACGGCCACCTGCTAATA	95.36611899172175
ACCCACCCATTGCCCTCCGGTCGTAGTTCTTTTCTATTAGCCGTTGTGTTAGCTCCCAAGTTTTGTTGATAATCCTGGTGATTCCTAGACGTCGCCAAATTACTCTGGTGTAAGCGCTGACTAAATTGTCCGCCCTCATCCCACCGTTACAGATAGAGACTTAAAGAAACATGTTGTGGGGCGTTAGGAATTCAAGCGTT	51.491400162224906
CAGAGAGTCTTAGTTATGCCACTAGTCTATCCCCAATACGTGCGTACTAGCAGTTTCCGAGAAAGCAGCGTAGACTTGGCCATATGCGCTTCGCAGGAGTCTGTAGCCCACTTGCATGTTGTTAGGCTACGAGTCCTTGCCCCAGACTTCAAGTCAAGTCTCAACTTGCTATTGTGAAAAATCATGACTTTGCAGACTAT	55.6060163806847
TAACACCATGAACCCAGAAAGGCTACGAGTCTGGCAACACCGCCCGGCTAGGTCTTAGTCCAGCGCTCGTTACAGAATAGAGGGCCGAATCTAACGTAGGGAACGTCGTTCGACCCTGAGCTTCTGTGGTCGAGTGAAACACAAGTATCTTATACATGCATCCCAGCGATTTCGAGCAGGTGGCATCGATTAGATGGGAA	34.972169913497765
CTGAATTCACTATACGCTTGGGTCGATTCCGTAGCACGACTTGACCTGATTTCGTTCAAACCGACAGTATTGGTATCCCCGAGCTCTACCCCACTAGCCTACAATTGCCGTTATAGAGGGGTCGACAAAGCGTGATCGTGGGAAACGGGGCGCTAACAACCTAAGGTCCACCTGGGTATATTACGCGAACTTACTTTTGC	18.4066340354089
CCATGGCGGACCACGACGCGACCAAGGGAGCTGGAAGCGCGAATGCTCGGCTCTCTGCTATCTCCCTCGAGCCTCACATCTTACAATTAAAACCAGCAAAGACCTTCGGTCCAGAAAAGATCACACTTCGGCTATCACAGGAGAGAACCTGCTCGGGAGTGGAACCGCTTTAATGCAGCCTGGTTTTGCCTTTTCTATCA	23.519306899390692
ACAGTCAAGGCGTCTCCCACACTATGAAATCACGCACAATCCTCGTTGTAGACAACCATTTGGCTCGATCCTACTCATTGTTCAGTCGAAAGGACGCAACAGCCACGAATAAGAGAGGTCGTGCAGTACATTAGCCTAACCCCGTCGGGTATCCACTAACGATATGCGCAGGGAACTGTGTCATAGGTTCTGGGATTGAA	74.10425602688687
CACAGTCTACTTAGTTTAACATTCTGAGGTCTAGTACTCCGATAGTTCACATGGCACAGTAGTTCGCAATGGCCGTTTCTGTACACGGACTCTGATGATCTAACCTCTCGCCAGGAGGATTTTGGTGACTTGCCTTGTGAAAAATATATAGTCCTTACTAGTTTAGCGGGGTCATAAACGGGCTCTCTATCTCTGCTCAC	50.42570465681905
TGCGCAAATACAATACTGCCCGCCTGAGACAAATAACGGCAATGCTATATATACTTGTCCGACAAGGTACGACAACCGACAGCCACGGTCAGGTTTTCGCCGTAGCCTTTTGGATTCGGATCAGTGGTAACGTCGCACGGCGAAGAGCTGCATGCCAGATTGGCCATTAGTAATCGTCAGAATGCTAAGAATATGGGGTA	55.6450201381843
GTATGTTAGAACAACAGTCCACGAAGAAAGAGGTGCCTACGCTTACTTGGTCAGGAGCCAATACACTTCTAGCGGTCACCGTTCTCAGTCGACTAACATCGATTGGAAGTCCTTGATGGAATTCGCTCGTTAACACAAAGCAAGCTTTACGTCCCGGGAACTGCCGACCGTCATTGACGACAGTATCTAAAGCCCAAGGT	49.066185008596634
GGTGGTAGGGTAGACTCCGTACTGCACTAGTCGGGTTGGCAGATTGGAATCTCGCGTGAGATACGAATGATGAAGCGGCAGCCTAGCATGCTTTAGGGCTGCCGCTCGGAGTCTTACTGGTGTTTTTAATACGCGCGATCTATTAAAGAGAGTGAAACCTCCCGGATCAAACAACCATATTAAGTTCCGTATCACCCCCT	48.04664648326947
GATGGTTATTTCAGTATAGATAGCTTGACGCGTACCGGTCGGTATTTCGCGGTAAACCAATTGCCACTTAAGAAATGACGATTCCCGTTGCCCTCAAACACAGTAGCTCCTGGCATTTAACGAATCAGACGGTGACGACGTAATGAAGTGCGACCGACTAAGATATCGAAATCGTTGCAAACTATATTCTTCATAGGCGT	91.8068588211555
CCAACTAACAAACTCGAGGCGCTTAAAGCTGCTGGGCGGAAGTTGACCCGCAGCACTTAATAGGTGAAGTTATTTACCTCTAGAGAGGCAGTTAATGTTGCTTCCAGGACGGTAGGGGAAGGGCTTATATAGTCTAAGGATCGGGTCCCCACAACTGACAGGAGACGAATAACCGGTATGCAGGGTGTGACGAGCAACGG	93.99398357783907
TACTAACTAATTGGCGCGCGCTGACTTGAGAGTCTTCCCTCGGGGAATTCTCCTACATGTACATACACTTGCTCGAGGAAAGTTTTGTCCACAGTTGTCGACGTGATGGTGCCACTGGAGGCAGGTTCCGGACGCACCAACATAGCGTTCTGAATTTGACGAGACAGCGGTAGATAGCAACCTCCGTCTCTGCCACATAT	55.773716130269456
CCATGTCGTCGCGTTTGTGACAGTTGCTACTGAGTCTTTCAGGCTAGGGTTTTTGAGTCGAGTTCCCAGCAATAGGAACGCCTCGCGGTCCAAAATTACGGACCAGATTCGAAATAACATCGGTAGGTCAGTTGTACTGTGCTATTGATCATCTGTAGGCAACCTCACTTCATGTGGCAGTAGCTTGCGTTAATATCACA	16.619697360223242
TAATTCTCTTAGATGGGGCCGCGGTTCGCCTAGTCCTAAGCCATGAATCAGCGACGGTGGTGCACACGCGACTGGTCCACCACCCTAGAACTTTGGACTTTTGGGACCGCTTTGATGCAGTGTCCTGCACTGCAGGAGGAGAGTTAGGAATTTCTAAGACCCATAATAGAGCAGGCGATTAACCGACTAGCTCAGGGAGT	56.81732657261611
ATAAACACGACACGTACGCCGATGCGCGTCCGCCGGTGATGGGTCATCCTGGCGGACGCTGAACTCTGGTAGAGACTTGGACGGCTCATTTTTCGGGTTGACATTGTACCGCCCGAAGCGTTCTACCCGGACCCTACCGATCGATTCTTTCATCGCTGGTTAGTACCCGGGATACCTCACGTAGTCTCGGTTAGTCCTAT	80.62289363342559
GATACGCTTATTTAGTGATGTGGACTTACAGGCTTATGAATTGAGGTGGAGCGGTATGGAAGATCCAACCTTGGTCTAAGGACATAGGTTACGATACGGCAGTCTGCGATCGGATCATCGGTGACCAGCAGTTGTTAGGGGTCTTCCTGTAATGACGGGGTTACCGTTAGTCTCTAATCCAGCCTTGCTGGGAGTCTTTG	82.61384362321371
TCCTGAGTCATTTTCACCATAGCCTAGATCCTGCCTCGCGAACTTCTCCTAGCCTAAATTTATGAATTAGTAGTTTAACGACGTGCCTCGAGATTCGGGTGTGGACCGACGGGGCGTTGCCCGTGCACGCAGGTTCGCGGTTCTCTTAAGCGCCCGACGTTACCGATAGAGAATCCGCCCTCAGGACACGACCCTTAAGA	19.642582892104265
ATATCACTGATATCTAGTGTCGTGGGCGGGTACTAGTTCCATGATGCCACCGGGTAGCCGCCTCCCGTTGCGTGGCGGGGTGTTTATATGCTGACCGGGAGTTGCCTGAACCGTTATTCGTAAAGGGTGATCAGTCCGCATCGGGACAGGTCCGTCTGGCGGACATTTTAAGATAGTGGAAAACATCATGTTCGACGTTA	40.146606843723234
GATAACGTCGCGTCGCCCCGCAAACGAGGCCCGCTGCCGACTATATCTATTTCCTAACACCATGGTCCAGTGATAATTTAGGGATGCATTAGGACCCACCCTAACGGTCTCCCCGACATCGTGGGAAGATACTATCCAAGCATAATTTTCAGTTGCGGATTCCCCCCAATGACCGCGGTGCGTGCATACCACACCTGATT	85.76804499618841
CTTCTGTAGGGCGGTTAGGAGTACACTAAGCGGTTACTCCCACGCAGCCGCACCCTCGATGTTTTGCGAAGGCAATCCTCCTCTTCCGACGCTACCTCGGAAGATCTGATCAGGATGATTCTGCAAGCTTTAAGGGGTGGAAATCTCTGATTTAAAAACGTTAGTTATTACCAGAGTATGGGGCGTAGTGCCGTGCTAGG	61.640272690530686
CGGAATGTCTCGTGGTGCCGAACGGCTACAATGCGGTCTAGAGCTACCGATCCCCTCCAGCATTTCTCTTGGGTGGCGGACGCCATGACGCTGATTTTACATAGTCAGAGGATTCTCTGGGCTCGAAGAAATCCCCCATAGAATTTTTCGCAGGCTGTACGTCCGAGTAGAAAGACAAAGTGAGACCTCCGACGCTCCTA	62.208261369745635
AGGAGCCATCCGTTTAAGCGCCTCTAGATAAGTCGGCTCGTTTTATATAGTTGTGAACAGCGAAAGTCGATCGACATCCGACTCAATCAGACGCTCGTACCCGTGCGTATTTGCTGATATCCAAACTACGCGTGGGGAATCATCCATTAACATCAACTGTCTACCGAACGGCGTCATTCGACCCGTATACGCCGAAATAC	72.40793625474018
GGACACATAATACAAATTGTTCTGGTTCTGCCGCTGCGATGCATTCTCGCTTTTTTTTGGGTCCCCCCGTTGGCTCTATGTACCGCTTCTACTCGCTCCTGTCCTGAAAAAAAGAGGCCCGAGGTTGCGGACCCTATCTGCACTAACTTTTCAGTCTATGGAGACCGTCACGGAGTATCGGCGATGCACGGTTGAGTAGA	13.064985626965775
AAGTCTTTAGTGGTTGCGGCTGGATAGAACACACGACCAAAAGACTGAAACCACAAATCCAATGCTCTCTGATCAACCGCCAACCGCCTGTGCTGGCAGGCAAATGATATAAGGAGGTGTGTGTGCCCAGTTTGTTTTCCTTACGTCTGATCCCCAATTCGGCATTCGGCCTTTTCTAGAAGTGCCTCTTAGCGGTACGG	72.47567502659163
CGTAATGTCCGCGTGGGCCGCCCTTAGATCGATTGATTCGCGATCCAGGTCGGTGCCAGACGCTTAGGCCGAATAGTCTTCTGAGTGCTGCCGAAAGTGCGTATGTCGAGGAACTAACCACCAGGGATGATTATTCACTCAGCCAAACTAACCCCGGTTAGTATAACACCTAGAGCTCCAGGGTCCGGCGGTAGTATTCC	11.26934889082617
TACCGCGGTACGCAGACCGCTTGTTCTTGCAAAAAAGAGTTCAAGCCTGAGTAGAAGCGTCAATCAAACTGGATACCATTAATTTTCAAAGGTCGAGCCTAATTCAGGAGTTCGGCGGTCTGTGGCTTGTAGCGGTTCAGCGCCCTATAAAAGCCGTAGGTTCGTACTCCAATCAGCTGCACAAAGACCAAGTATGTAGG	38.774731289532724
CGTTATATGGAGTTATGTATATATGAACATTGCTAGGTCTAACATACTGTAGATCTGCAGGTACACTTCATCTAGCCGTCTAACCCATTGTAGATTAGTTAAAGGTTCCAACACCTGGTACTAACCCGCTAGAAAGAGCGCTCCTTTCACTACCCATACCTGCGTATAGTACGTTCCTTCCGTATATAACAGGTGTGGGG	85.53789030648466
TTTCTGATGAGGGGCGGCCGGCGTGGTCCGCGGCTCAGCCGCTGCTTGTGCGAGATTAACGTTGTCGATTATTTGACCAGAAAGAGCATCAAAAGGGTCCCGGCCAGCCTCACAGTAACTCCTCCCGAACGTTTCCAATTTCTTAGCTTGGATTTCGCATCTCCGGTGCGCTTACATATGGTATTTTATGGCGGGTCCCC	84.59025475106634
TGACACAAGAGTCGCTGCCTGCACAACGTTCCACAAAGCATGCCCCAGCGAATCCATCCCGGTCTCACCAATCAGTTTTTGTGTCTCACAGGATTTGGAGTCACTCTCGTCCACTGTTTTGCTCTACCAGGAGTTTAGGTATAGGCGCAACGAACGATTGTGGGGAATTTAACTGTGCCCATGTCAAGACCTCTCTGCAA	16.339144005507713
AGTACTCTAATGGTGGGCGCCATTGGGTTAGGACCCCTCAGTTTGGACCTAGATTTCTTAGGAGCTTTCTTCGCCGCGTAAAAACTTACAATCACGGGAACGGAAAAACCTTAGGAGCATGCATCGATGCTTGGGTTCGGCCTCCAAAACATCCAGGGCTTTAGCTAGCTCGAAAGTCTTTGTCGTGCACGTATGCACCT	95.70626115639679
CCTAAGGGGAATCCCGGTCTATGTAGGATATTTCGCTGGACGTGACACTCTATAAGTAGATCGACTGCCATAGCTAACGCGGTCTCCGAGGAACAACAGCATGATATGAGAGCTCGAAACCGCCTGAGTTATCCCTACTTTGGCAATCAGAGGTAGTACAACTTGAAGCGTGAAAGCGTCGGTAGATGGTAAGGCACAGA	9.515726547419344
GGGACCACAGGAGGATAGTAGGACAAAATATGTAGCCAGCCAATCCCCTAGCTCATCTCGGCTTGGCATGTAATCGCCACCACCAATCCGAACAATAGCTCCAGGTTGTCCCTGCCTTGTAGATTCAATGCTAGCGGCTATATGGCTCGTTGCTCTCACTTCCAGGGAGGTAAACGGCCTACAGTGATCCAGTGGCTGAT	47.185447532399905
CCGAGGTCGTCTAAACCTACTTAATCCCCGAAGATAGTCAGCAAGCATGCATCTGAACGATGGTCAAAGCCCCACCCCCGTATCCAACGGTCACTTACGACTAACCACTATCCGGTCCTTCTGGGCACTGTTAACACATTCACCCCAACAGAGGGCCATTCCCACTATAGTCGGAAAAAAAGCAACTATGAACGGTAGGG	15.92744520682129
CTGTACCGAGTTATTAAAAGCTGGAGGCTTACTCGCGGAGGCTAATATCCTTGACCAAGAATGAAGGCTTCCTCATGCCACTGCGTGCACTCGTCAGGATATGTCGGGACTCGGCGCAATTGTGGACAGCCGGCTAGAGAGCCCCGCGGATCCAAATTAACCACTCCTGCATAAATGTATTAACCAAAGTACACTGTTGG	82.3040924809886
ATACTGGCAAGAAGAGCCTTGACTCCCCCACTGGGTAAGAGCTAGAGCTTTTAAACTAACACGTTAATCTAGCACCGGGATCTATTTCCGGAACGATCGGCTCTACCGAAAGTAAGAGGCATGCTTTGTAGCGTCCGAGAGCCCACCGCTTATATCTATTATCCGCCGGCCAGAGTACTGACTGCTGATTGTACATTACC	80.72324658073829
GGAGCGTCCGGAACTCAATTTAAATCAACGAAATAGAGAGATTCCTTCAGCGGATTTGTCATCTTCCGAATTTACAGATGACCCTCACGGCCGTATATACCAACATACTCGCTTGTACCTAGGGACGACTGAATGGACTCGATTACTTCCAACATCACGTCGTTCTCCACGTAGCTATTTATTATTCTCAGATCACCCGG	67.38830369652595
ATGAGTAGTCACACGTTAGCTGACCAGACTGGCGGAAGGTTATAGCCTTTTCCATGTAATTTTCTTCCGCTAGATCCGAGAGTTGTAAACGCGGGGCTTTCCGGCCCGTCCAGTCGAGCGTCGTCCTCCGGACATGGATGTGAGTGGCACGAAATTCACGCGAAGCTGAGGTAGGCACCGCTTACTTGAAGCAGAAGCTT	61.57187635392852
ATACTAGGCCGTCCGTTAGTTTGGCCTGGGGTGGGCCGAATGACAAACGGCCACCAGGACAGGTACTCAGGGTTTCTCTTTGTCACGCGGCACCACCACCCAGAATAACTGTCCTGACTTATCCGTTGGGGTCTCAGCATTCATACTATCATCCTCCAGCCCCTCATGAGCCCCGGCCGGGTATTTCCTGCAGGGTACTT	0.26880814641320194
CTACAGCTTACTGCCCCAACGTACCAAGTTTGCGGCCTAACAGGCTAGATAGCCAACCGAAGCTGCACATTACTAACTACCACCATTTCAAAAATTACCAAATCGTCCCAGCTTGCACTGACGCAAGATCGAGCCGTCACGGTAACGCTAACTACGCTGGGTGCCAGACACTATAGCTCTGACATATTATCCCGAGGGCA	22.18369074255302
GACAAAGTTTGTGAGTGGGTCCGTACGTTAAAAAAACATCATTGATCTAAAGTACAAGATACATTACATCGAAGGGTGCTCACAATCGGTTTGTACAAGCCTCTGTTTCAGACCTAAAGTTTAGGAAAATTTAGAAGCAGAGCAGCAGAGTTTCACTTATTGATTACCTGATTGCCCGTCCGATAAGCTCACTATCAATA	84.10274398204571
AGAACGTCAATAGAATGGCCATGCTGTACAAGATTGTACCTAGTAACTGCTCTTTAGAGCAGATAGTATCCTGCGTGATTCGATGTTCGTAGTGCATACGATCCGCTGCACGTCATCGTTCTATAAAGACACGCCTACCTTAGCCAGGATGACGGGTCGAATGACGGATTATTACGAATTCAGATGTACGCTTGTCTTGT	56.722139799855874
AGGGGAAACCATGCTAGAATATACTCTGCTCAGGGATTAAAGCGGCAGTTGTTTTAGTGCAGGTGTTGATGGCCATCCGGTTCCTGGAATGGCAATCCACCGCTTTTGTCGATAAACGAAGGTAAAATTTTCCACGTAGTCTGCTACACACGCTGCTGTATGCGGCGCACGGGGAATGGGGTGCCAACCCTGTATTTCCG	64.50649026149188
CTCACTCATGAAATCAGGCATCGCGCGCGAAAATTTGATGCGGGGGGTACGATCTAAGCACTGTTCAGGTCTAGTCGTCAATGCGCCCTCCCACATATCCCACCCAAAACCCAAATTTTAAATTAAAGCGTAGACGGCAATGTCCGGTGAAACATTCAGGGTTAGAATTTTGAAATGGAACGATGATGTAAGCTTCGCTT	15.930561265658039
TACTATTAGAGTCGTATTACCAACTGTCTAGAAGCATGGGATTTGACTGTCAACGATCTGCCCTGATAGGGCAGGGTAGTCACCGTAAAATCGTGATCCCGTCCGGAAATCCGTCACTATGATAAGAAAGACTAAGCTAAGCTACCAATATGAATGAGGGCCTTCTGCGGTATACTCGACAAGGACGTCCATGCGTGCGC	42.06768611814058
ATGTATTCCGGCGCGCTGTCAGGATTGATGTGGAGTCCCAAGGAATGAACAAATTAACGGTTACCATGCGGACAACCTGGAACTAAGAGCCGGTGATGATATCCTAGGACAAATGCGACAAGGCACTAGAAGACGCGGCGGCAGTAAATTAATTAATTTGACTGCCCGGGCAATTTTCGGACCGAATCTGGCTCGATGCA	62.77363388744753
CCCGGAAAAATAGCATGCACAATTTCCAGGTGTGCACTGCTACCTCACTGGCAGTTACATAAGCCACCTCACAGATAGATAATCGGAGTTCATAAGCTCATCTCGGGAACCTCAACCGCCCCAGAGGTGCCAATGCACACACAGCCCCTTGCACGCACATGATGTCAAGCTTTGTACCAACATATGTACCAAGCGATTCC	56.74890881863226
CATTAAGTGTTTATCTCATGGAGGGGATTTCGCCTGAGTCTCCCTCTAAGCGCTCGGGCAATATCCGATGCCGCCGTCGAGCCCGCACAAGTTAGGGTTGTGTTGGCGCTGTGTTTATCGCACGGGAAGGAGCTCGGTTGTCACATGCCGAGCTAGAGCCCTAGGGCATTCTCAAAATGCCAAGTAGGCCGGCTTGGTAA	49.722008551653886
CATGCCTTTCTTGTCCTAAGAAGCTAAGGAAACTCCAGCGTCATAGCACTATCACACTGGCTCACTCGCGGCCCCCTCCCAGGTCGCCCTTAGATTAATACTTACCTAAATACTAGCCATTGGTTCGTGCCCCCCCAAGGCGCCCGTATCGCGATCTCAAAGTTGACATGCGAGCAACTCTAGTCTGTAGGTAGGGACAG	8.647795340507514
GAAGGTGAATCGTTGCATACAGCTCAATACACGACCTTTTTATCACTTTCACCTTATGTTGCCGCAATGGCAGCCACACAAGAGTTGGTGTAAACTTTGGTTTGTTGATCTGTAGGAATCGGCTCATGTCTTAAGCTCGCAGTACGGACCTTCTGCAGGGTGGTTCGGGGCGGAGATCCGGTGCGTGACCCAGTCTCGAC	15.76933272452007
ATCACATATGGGCGTGGTCCACAAGGTGTACCAACGACACTGTGTCGGTATACAGGGCGGTTCAACGACGCCTCCACCGTGCGTCAAGCTTTAAGCGTACATTGATGCAGCGACCGACCGTTGCTGCCCCCCACACGTACCACACCGTTTAATTGATTCTGGCACGGCAACCGTCCACGCACGTAAATCCCGAGATTGTA	83.16970461409112
TTGGTACGATGCTCTCGACCGAGTTGGCCTCCTACACAAAATACGTAATATGACCGAGGCGATACCCTTGCCTCCAGGCCATCTGGTCCACCGGGTAGTGAGTACAGTGAGCTTGCTTCCGTCGCTTTGCCGCATATGACCAGCCGAAGTCACGGTCTCTCTCGCATTAGGAGACCACAAGCCAACCACAGGAGCTTTTG	89.36294988426276
AAGGATGGCAATCTTTCGGTTGTGATCCGCACTCCACCAGAAGCGCAGTAATTCTGACCAAACTTTACAAAGCCGCTCAAGAGCGCCAGCTCAATTTCTTCCCCTCCTTAGATCTTACTGAAACCCCCCACGCTATGATTTTAATGCAAGCACTTTATAGTCGGTCACTTGTTCGACGTCGCGGCGTATGCATGTCTTGA	76.44698428949174
TTAATGTGGGTGACGATTCGTGCTATGAGGGACTAGCAACTCTATTGAACGGGACACAGTGCTGAGTCACTGAAACAGTTAGCAGTGAGCTGTTATAATCTAAACTGAACGGGGCATTGGTTGCGATCCAGGTTCGTCCCAAGCCGTAGTGTTGGGGCTGCACCGATACGGGCACAACTCCAATCCTTCTGCGGGGCCGC	68.12678489215533
GCGATAGTGATAAGAAGGAGTTGGTCGCGCGTGATAGGTCGGCAGCTACCACTAACCCTATCAGCTTCAGTCGAGCATGTGCGCTAAAGTTCGGTTATTTCTAGCCTCGTTGGAAAAAGTCACGCAATGGCGTGGTGTCGTGGCAACCATTACGCTATAGGGGAGCTTCTAACCACGTAACTAGGAACATTAGGCTTCCG	8.943026980760783
GATAGCCTAAACAACCTGCGGACTAAGAAAGGACGCTCTAGTCTTCTACGTCCGCAAGGTAGGTCAGTTCTCGGAATGCTACCTTCTACTTTAGCGCATGGATAAATGCGGTGAGAACACTCAGCTTCTCAGGGTACGCATATTTGACCGTGGGACGTCTATGCATAATGACGCATCTTGCCCTGTTAGACAAAGCTACC	39.58980003985781
GGCAGACCAAGTTCAGGAAATGACCGGCAATGACCGTATCTGTCCCGATGCCGAGCCTAAAACGTTATCATACTTCACAAGCTTCAGCTAAGTTGAAATCCGAATCTACATCCAACTATATTCCAAGGGTATACATATGGCTACCGGCCGCATACGCCGACAGGTTCTACCTGGACCTTATGACGGGGATACAAAGACTT	99.3367722313464
GTGTTTCCTTAAGGTGACTAAATGCATGAATCTCCGCGGTGTACACTGGTCCACACCTCAGGACCAAAATCGTTCAAAAAGATAAATCCCTCTTATAGGATTGTCAAAGCCTAACTAAAGAGGGCGCACGAAGCGCGTTATGTGGGTTTCAAACGACACCCTGACTCAGATGGCTCGCTGCCGTAAGACACGAATACGGA	28.686469544141456
TAAATCCAGTTAAACCCTAAACCCTAGACAGGATTTGCGGTAGCCTTCGTAAAGCAGTCGTCGCGTATTCCGACTCTTATTTGTCCGATTTGGTTACACGAATAGTGCCCGGCGAGTTCACAGTGGCGGCATGGAAATCACTCATCGCGGCAGTATTGAGAAACACGGCGACCAATAGTACTCATAACCACATAAAGAAC	29.781402587133332
TACATATTAATCGAGAGTGGAAACTGCGCAATCTATCTACTATATAATCCCTGTTACTGCATTAACGAGGTAACGGCCCTCCATATTGTGTTATTGATACGCAGAATGCTAATACCGAGCGCACCGGACAAGATAAGCACAGATTGTGTCCGCGAAAGAAGTTGCTTAGTCGGACATTGACCGTAGGGCTATCCTACGGT	75.83783845465315
GGTTTCAGATAATCATAGTGTCTACATGGCACTGAGGTCTACCGGTTCTCGATTTGCATTCCTACGCTTTCGCCTTATAGTCCAGGCGAGACTCTAGTTGAGCGTTATTTGGGCTAACGCCTCTCTCCACCCTAAATGTTATATCAGCGAGGTCAGCATACCCACTAAGCTGTAATAATTACATCTAGAAGCCCTTCGGT	57.75720866313334
ATCGTTCACATGGACGGACCCTCTCACATCGAGTACTTTTGCTCGGCTGGATATGATTGTACAAACACCAGGCAGGACCCGCCCCACCGAACGGGAACGGGACTGCCCCCGCTCTCAAGCACGGACATGTGCAACCTTCATTGGGCAATCGACTGACCTTACATGCTCTGTGCTGTACATATCAACGGCGACCAAGCGGA	31.77950538254316
GCCAAGCATTTCGTCGGCCACGGACAGTTATTTCCCCTGAGACGTGTGAGGCCGTTCTCAGTTCCGGCGGATCCCCGAACGTCGTCTCGCAACCCGAGCAATTCTACTTAGGAGTCCATGAACAAACCGCCCCGTAACTAATACTTAGTGTATATTCTGCGAAGCTCCGTATTCCACCTAAGGATGCCATGGGACTCTTT	52.33588990719038
TTATCGGCAGTATGGATAATCCGCACGCTGGGATCCGGTGCTGTACGGGCTCTAGTCCTGAAAGCGGTGCATGCGAACTAGTAGTTAGCTGGCTATTATGTGTTCTCTAGGAGAACTTCAAGGATTAGCGTTAGACCTGTCCATTTCATTACCCTTTGAATTGCGATTCTCGCTTAGGAGCCATAGTATTATTCCAATCA	47.456656539185225
CACTACTGCCTATATGGCTGCACCACGGAAGGTTATCAGTCAGGCGCGCACATATTATTGCAGAATGCAGACTAATACTGATACAAATCTCCTCGGGAATCGCTGAATATATACTTTCAACACATACTCGGGCGTCGGTAACAGCGCGCTAACCTGCACGTTACTTACGCTGCGAGGCTGATGGACTGCAGTTCGGTTCC	96.0730210894146
CTATTTTGACGGTCCAGCTCCTCATTTATTCCGTCCCGTTTTTCGTAGACGCAGCAGCCACCTAAAAGGATTCAGCAGACGAACTGCTCATGTGCCGAGCACCGCATTTAGTCAGTCAATGCATTTATGTCGAGCGTGACGCACTGTAAATTTCCATGACTACACGACTCCTACGCGGGTGAGTTATTCCGAATTGAATA	97.74570459046821
GATCCGAGGTCGAAGAGGAAGTGGTGCATATTAAGACAGGGAGACCCAACTTCACGTGATACTGCGATGTCCCGTCCACTGGAATTATACAAAGCAACCTTAAGGGAGCTCCAATAGTCCAGCTATTGGGGTACCATAGTAGCGTTTTCTCCGTAGCACTAGACGTTACTTAGATCATTCTAGACATGAAACAACACACG	13.525561260659602
GGCCTGTGCACTAATACTGTGGGGCAGGGGGCAAAATGGCGGGTTCCGCATTAGTTACTATCGTATAGTCTTACCGAGGAAGCAATCATTAGTAGTAGCCGGACCGGTGATGGCAGTAGTAATTGTCTGTACCGTGTTAGTACCTTAGCAACCAGTTCCCCTCCCTGGACCGCCTTTCGCTTCCCGCACCCAAGAATCCC	51.62656924046598
GCCGTACATGGAGGGCTATGTACCAAATGCCCCTCCTTTTCCATATTGTATACGACTAGGCGCGAATGACTGATTGCTTTCGATCAACTCGTGTAGTGGTCACTGAGTAGGAGCCTTGCCCCGTACACAAGGGCGAAACTTCCCGTGCCGTTTACCCTTAGGATATACGGTGTGTAGTTGTCCATCCTAAACTATTCAAT	32.26515230262922
GTTGGTTGGGTGACGTTGAAATTGTCGAGATTGGGACCGGGATGACCCTTACGTAATACTCAGGCCTACAGACAGACGATATTTCGGCGACGTGAGGATCGTTGAGTCGAGACTACGGCACAGCGGATCGCACATTTGTTGGAGATGCCACGTGATCCCCTAGTGCTTTGCATCATTCCAGAATCGCTGGGTATCCCTCC	65.37633797061233
ATACCCTAATGGTAGTTGGATTTGGCAATCTAGAGTAGGTCTCGTTCACATTACCTACAAGAACTACATATTAAATCCTCCTCCGTGTACGATTGTTCCGGTATTCACCAGGGAGTAGCATCGGGAGGCAAGAGTAACCGACTTAGTAATTTACCGGGTGGTTGACTTGAATCCGTCTCAGTGTCCTCATCACAGGGCCC	17.505034282867538
ATGAGGCTTATCGGTTGTCAGGGATGATATAGACCAATAGACGGTTAGCTTGACCTGCCACTGATCACTTTTATTTTAACGTCGCACCCCGAACTTCTTGAATTAGCGGTAGGACCCGATGTGTGCTAATCTCTCAGTGGCCTTTGAGAACGACGGACGGGTTCCCAGTCCAGGGTAGTGCCGAAGTTGCACAGAGGCTT	65.06314906138682
TACAGAAATCAGCAGAAGCTTTCAATATAATGTGCGTATACTCCAGGCCATAACCACTGGAGCCGAAGCATTTAAGAGGCAATTCCCCCCGAAGCCCCAGTCAAAAACGGCCACCCGCTACCCGGTGGCCGCTGGTTACGTTCGCAGCTTTCGGCTCGTAGCTTGGAGTTCGCATTGAGTGCCTGCGTGTTGCGCTCGCC	28.963611425867654
TTCGAGTACTTCCGGCGTGTCATATCGTCATAGCAATCTAACATCTCTATCAAGTTACTGCACAGTCGTTCGGCCTGGTCCATCGACTGAACTTGTATTATCCGCAAATACGAATCGAACCCGGCTTTCGAGAGAAATTCAAGAATAGAAAGCACTTATAAACGCACGGGGCACGCATATATACTAAGTAATACCAGACG	90.62122215623441
ACAGAACTGGCTACTTGTTGTCACAATGATAGCCCAGGAACAGCGATTCTATGGGCGCTGAACGGTATGGTTGCAAGAGTTGTCGGGCCTATCTTCGTGAGTATAAAGGACATTCGATAAATTAGATCCATTCCAAGCCCCCCCCGAGTGCCGGAAGAAGTACGAACGAGCGTCCCATGAGTATCACAAAGAGGCGAGCA	92.98349146231001
GGTTTGCACACATCGTACTACACTGCTAGGGGTGGAGCATTAGGCTATAATGTTCCTGGTAATGCTTACTAGACGCAGCTTCTGGGTTCGAGCCCGCCGAAGATCGAGGCTAGGGTGATCTTACGCGTACCCCGGGCCAGCTCAGACTTCATCATGCCCAGATTCAGCCTTCTATCCGACACCAGGACCATAAACCCGCT	60.41953227461395
AAAAACGTATCCGTGTAGGGATCCAGGCCCATTTAGGTGTGCTAAGGCAATTTTTGAGCTTACACAGTATAACCCAATTTATTTCGCCCCTAGCACTGGTCTAAGCGCAAACTGCCCACCGTGTTCCTGATCTTGAGCCAAAGATGCTTGCTTCGACTCGGGCCTGTGTTTGTGTCCGGGAAGTCGATCTGTGACATCTT	71.09619341208786
CCGATCGGCACAGTGACCCGTTAGGTTCGAGATACCCAGTCCCTCAGGATTTTATCTCCTCAAACCAAGGCTGCCCTTTACTTACTAGGGTCAGTGAACCGGACGAAAAGGTATGAACAGGAAGAGCAGTTGACGCAGCTGTGGACAAATGTGTATTGAAACTATCTATAAGTTTAATTTGCCCTATAGAGCGCGGAGTG	43.973164041034316
CGCGCCCGCTTCATTGAAGGTTTCACACGCCTCTTTCGGAGACGCGGTACATCATCATCCTTTTAAGCGCTTCAAATACAACGCCGGTCAGTTTATATATGTGTTTTGATCCGGAAGCCGCTGCTCCCAAGCATAGGTCTAAGTAAGAAAATCTAAACTGCGTGTCCGGCGTACAGTTAGTCTTGCCACATCTTGCCGTG	26.386963470512203
CTCGAAACATAAGTAGAAGGCCTATCACCGTCTCAAAAAACATAAGACCGGAGCACAGCTTTACTTCAACCTAGGTGTAGCAAAGCCATTCTGCAAGCTCTTGAATTTTATTTCCTCTGAATCTTCCCTTTTACTTATGCCATGCGACGGTTTCTGTTGACGAGAAGATATGTCACGTGATAAGTAAGAACGGCTTGTAC	64.25604448963725
CCAAACGAATATGCATGCCCCCTCAATCAATCACGCTTCGTGCTGAGTAGGTGTTGATTCGGGGCGGAGTTTGCGCGCGTCTTCTTGGCCATTGTAGCCTCGGCTGAGAGGAGACGTTCAATCGCCATTCTCGGGACAATCGGAGACAGGACAGCGCACTGCCTGCAAACCGAGCTGCTGCTTCGAAGTCCGGGGAGTAA	58.46003162276022
GAATGGGGCTATCTCATTCCTGTACAGTGTCTGACTAGATTCAATCATCACGATTAGGAGCCTTCACCGCAGGAGCACGCTGGACCCACGCTGGTTTCAAGGAGGCACGCTGCAACTTAAGATCATCTGATCCATCAATCCCACTAGTCTTTAAGCTTATGGAGCAGGGAACACTCTACGGACGTTTACAGACGTTGGAC	24.009360960727687
TAAACCTCAAGACCGTAAGCCAACCGCCACATATCTACATCTATGTTTCAAAGCAGAATATATCGGAGACCTAGAAAGGGGGTTCTGGTACTTTACTTATCTCGTACTTTCAGGTCTACTGACCCGTAGGTTCTTCCAGAATTAGCAGCGCATTCTGTAGTGTTTACTCAAGCTCTCAGCCACTATGCGAAGATCAATCC	51.35629784828289
GTACAAATTATGTGTGTAGCCATAAGTGTGAAATATCGTCATCACTGGTCTATGTCTAACATCAACATATTGCCATCCTACATGGAAGACTCGGGGCGTCACTGCCCGGATGACGAGTTCACCTAATCGGGACGGCAGTCACATTGATGGTCGACATTCGATTAACCTCTTATCATCGACGCCCGACATCCCTGGAAAGG	26.845547682192837
GGCACGCGAGTTGAATAGTGAGAGTGCACTAGGCGGAACTAAACGTGGCCACCTTTTTCCGCCTAGAACACGCGCGATTCCGTCCGCCGCTGATTGATGGCGCCTCGGATGCGAGCGGTACTTGGCGATTGAGTACAAGGCTCGGTTTTTGTATATATAAGTAAACGTAGTTGTTGAGATAATTGGCCGCGTGAGGAGTT	85.68721317306867
CTGGACGCTATCGTAGACGACGTTCTGATCGCTATCGGCAAAACTTGACAGGCTTGTTACTGTCACTCGGGCGTTCCAACCCGTTATATCATGGGTTTCTCTCTTGATTGTGGGCGGCGCTTGACTTTTTGAGCATTTGAGTGCGAAGTCCAAAAGATGTGCCGGGCGTGCGCCCTTAAAGTAAAACGGTAATGAAAGCT	78.75554258312957
GTTAGGTTTATTAGTTTTCAGCGTGGAAGCCCACCTTGAGGTCTCCAGAGACATTAGTGTCCAGTGCGTGGCACGGGAACCTCGATTGTTGACACGACACGGCGTGAGCGCATGGAGACTGGATTGCCCACGAAACAGTCGCCGCAGTCAACAGCTCGAAGTACCAGGGCAAGCACAGGATTAAATGGGGTTTCGGGACA	14.135907148278982
GGCATGAAATATTAAACCGCATCTCCATGTCTTCACGTAAAGCCGTCCTACCCAATGGTCGCTACGAGGCAGACTATAGACCGATGGTGTTGAAGAGTTGCAATGGTCCTTTGTCACTATCCAAACTAGTGTAACACGAGGCCGGAAGTAGCGTCCGATTCAGCCTTAGTTGTCCGCCCAACCCGCATGTGTTTTATGGC	47.96300006923527
GGGTGCACGCATGGGCTGTGAAGTCTTGAATTGGCGTGGAGTGATTTCAACGCAATCAAGTCCGCCGCGCTTTAGTAAAGACCGAAGCTCGTTTAGGGGTAGCCTATTGTCTCAGCTGAACGTTCGACAGGCCATTGGCACTCTGCGTTGGTATATGAAATTGGACGGAGCGCATGCCGTGTTTGTGATAGGGGCGCTTT	10.184858989928369
TCCAGATTCGAGCGTTAAAAAGGTTCGGCAGTCCGGTGTGACGGTGATGGTCGCCCGGGAGTGTGATTACGACTCCCGTAGATAGTTAGTTCGAGGGACTGGTAATACTAAATGAAATATTGATTCGGATCAGCTTTCGCTTCGGTATATCCCGACCGACAAGCATGCTGCTTCGTTTAGACAATCGTGCTACGCTCTGA	14.149045859542452
TTAACCCCAGCGCTAATCGGTGTGGTGCCGGGGAAAGACTTCAGCACACTTGAGTAGTCCAAGCCCGGAAACTCCTACATTGTTAATTTACTTCGATTTATCATCAGTAGATCACCTGGTGTTGAATAGCATGATACGCGATAAAGACTCTTATGCAGCACTCGCTACCATATGGACCCGCGCAATGTCGATGGGTCGAA	87.60818106153933
AGAACCCAGGTACGTATTATACAGTTAGACGTAGATGCGCCTTGATTTTTAATGCGGTCATCACCCGTTGTGGAAGGAGTCAAGTAGGCTATGGTTAAAATTTGTGGGTGTCTCCTCGGGACAGTGTATTCTACCTTATTTTGTACTCTCTTCTAAATCGACTCCATCGCCCCCACCCGGTATATGCATGCCGTTGCGAC	50.58483134480903
CTAATGGGGTGCAAAGCGGGCAGCTTGCGGATTTTACACCCACATAAGTTCCTTCTCAGCGGTCATTGGATACCCATAAGAACTGGACACCAATGGGGATGTCAAGTTCTGAAGCTTGGCACTATGGCCAGTCCCTATAAGGTCCCTTAGGATAAGAATTTCACGACAACGCCCCTAGCTGCAGGGAATCTAGCATGTGA	99.49190228560298
GCGTCTCTCGACACGTTCTTTCGGCGCGGTTCTGTAGTGCACACGAGCGTTAAAGAATGTCTTCGCTTCCGGCACTCAAGAAGCTCAATCCTGAGTGTAAAGCCCGGTGCCCGTTTTAGCACCTCGTCTGAACCAAATGTTAGGCTTCGGGAGCCATTCATTGGCCGCTAGGCCGCTCGTCCACCATCGGCCACCTGACC	29.31202632051183
TGAGCTCACCGAGATACCCGAATAGGGTAGAGCCGGTGAACGGACGCATAACGAGCGGATAGTGGTATTCCCGTCATATCAGTCGCAATTAGAGCAGTGTTTAGCCTAAAAAAGTAACCTACAGTATCATTGAGTAGATGTCTTCAATCTCAAGTCCTCGTGATCACATTGAGGGCTTAGTTGATTTTGAGTAATGGTAG	66.8835294303448
GTCGCAATCCAACGGTGCCTTTCACATTTACTAGGTCAACGACGGGGAAGGAACTTTCTCGTATCACGCCAAAAGCGCGCATGATTGGTTCTCGATCCGCTGTAACCCACCGAGTTTACGAGAGACAGATTTAACCCTGGTATCTAGCTTGGGGCACCGCGTCACTCTAGGACAAACTTAGACTATAAGTAAACGTCGTT	56.019890719809794
CGAACGAGACAAAAGAGACCGATAGGTAGTAGATTAGTCAACAGGTGGTCCTGTGATGACCTGGTACCACTGACTGAATACCTTGCAAGTTCAAAATGGTACGCTATGAAGTGTTGTGGATACTAAATTAATTCTGGCCATAAATATAAGACAGGGAGGTTGCCCGTGGCCATACCGCAAGCTTGCTATTCATCGTCGTC	92.90944555271312
CGTGCCTTTAGACGCATTTATAGGATCGTCAATCGATCGGTGTCTAAGGGTACCGCTATTCGGCAGACTAAAAAAAGTATATCGGACACAACCGTATTCCCAAGGATTCTGGTACCACCATCATGATTACACCTGATCTCGATTTGACCCACCGCCTTACTCTGGCCGCTGGGGCTTAAAGCCATGAAGTTAGGGATCTT	92.90712968241411
ACGACAGTCTCATCTTACCCGGAACGGTTCTCGTGGACGTGAAATCTTACTCGTTTAACGGCCCAAAGTCACCGCTCCAATCACTCTGGGCCATCAATAGCTGATCTTCTGACGGGAAAGAAAGGCCTCCAACTATCCCGACCACGCGCTGCATCAATTCATTTTGACCAGGGGAATATTGTAAGGGAAGATTGCTCACG	9.589263885479626
GAGATTACAGCGGCCCCAGCTTGCGGAGTTCGCGAAAAGCGGTCTTCTACATGACAGGATATAGCCCGGGGCAGGTTGTTAACTCAGGTTCTGGAATAGTAAGCCACCTTAACGTTACCATGTAACTCTAGTACCTGCGTAGCTTCAAATCTGGGGTGGGAATTCTCTGGCGTGATAGCGCGATTGGTCTGTATTGCGAT	84.10082828644299
CATATTTACGAATCTCCCCGGACCTGCGACCACTGCCTCGGAGTCGACCCCGTTAGTGACGGGGTACAATATGACTGGGGTTACACACTATGATTACCCCAGTGGTGCAGGGGGGACTCGTATTTGCCCTTCAGTAACCTTCTACCCATGGATATATTAAGACAACCGGATTTCATCACCCACTCAAGCATACCTAACCC	65.23677666731254
TGCTAGGGTTCCATCCCAACTAGGTTGGCGTTATATGTCGGCGTCTTGTTGATAGTGTTTATACTCGCTACCTATGATAAGCTATAGTTACATTGTGACTCACGCGCGGATAAAGATAATATTAGCATTAATGAGCCTGTTTCGTAAGAAAAATAATGACAGACGGTCCCAAACTGTGTGCTGTGGCGCTGCAGATGAGC	44.08084622898751
AGACCTCTTTTTATAGGTATGAGGTAGGAACGTCGAGTGGGATCCGGCGCTAAAAAGAGTTGCCACGTACATCGAACCTGCGTCAGGGCTACAGTGGTGTAGCCTATGTCAGTATCTGAGGCCTTTTTTGGGGGTGACGAACCTAGTCTGACGTCAACGGGTCTGTAAGTTCCCATATGGAGCATACCTGCCACTCTATC	28.42688135672471
TGTCAACACATCTATTAGGGGTTCGTGGAACCGCACTTAGGTGCCGTAGCACACCTACCCACTTTGCTTTCTGCTCTTACCATTCGTAATCCCGGGTCGTCCCTTAAGGCGGTCACTCCCGTAGCGACGGGGTCTTAGAATTAGTGTTCTGTAGGGTTCCCCACGGGTTAATCCGGGCTGATTAGCAACACCAACTATCC	24.775111195336063
TAGAAAAGCCTGCGTTACTTCTAGTGTGTGGTGGGGAGGCTCATAGGGACGCGCGCATCATGAACAGGTGGGCACACTTGTCACGACGCCACGGACCTCGAGACAAGCGTGAAGTGACCCGGTAAAACGCGGTACCTCTTTACTCGCAACACACACAAGGACAATTGGCCAAACACCGTCATCCTTTAGATAACAATGAG	81.31404509157521
AACCCACGGGTATAGTTGATTGCGTCCATCATACTAAAGTACTCATTTAAGGTTTCCCCTAATAGAATAGATCCCCGCATGTGGCCCTGATCCGCGGGGGACATACGCCTTCTCTCCCAAGCTGTGGTTGTTGATCTACATCATGGCTTTAAGGGAAAGGAGTCAGCTAATTAAGTACTAACTAGGGGTGGCTCTGCTTA	98.86386339881827
ACGGGGGGTTAACAAATCCTCCTTGCATCTCGAGTACGAATGAAACTGACGGGCTTAATCTGGAGCGGGTTGGCATGTCTGCAAATATCGGTGGCCGATCCCTGTAAAATATACGGTTACAGGGAGCCGGCCCTCTGTTACACTGTGTTAAGCATAGAATAATAAGTGGTAACATGGCGTCGCCTTGTTAATACGCCGAC	8.654617332640536
ACCTTATTTACTGCCGTATGTCAAACTAATACTATTCCATACGGCTTGTTCTGATGGGTGTCTTTGGACATGTTGAACGGCCACTCTCACCTGGCGTCCAATGATCGATGCCGTTTGACGCTAAGCTTCCCTTCCGCCGTCCTCCTCCGCAACCTAAGCCGACTAGCCCCACGGTACGTAGTCTAGATTTATGGGGGCAG	48.946760345762804
CTCTGAGCCTCTGCGCCACTTCCAGACCAGTGGAACGATTTTATTCGTTTAGTCCGAACGCGCTTCCAGGTCTGCTCGGGACGGGTGTGCATATCAACAACTCTTCCGTTCCCCGTGCATTAAAAAGTTATCCTGGTCTGGGATTAACTATGGAAGGTCGTTGGTCCTAGCAGTTGACTGTTACTGCGGATGCATCGACC	4.507881039011464
TGTCGCGCGGTGCACAGTACTAAACGGTGTTAGACTTGTGTTAATACCAGACTGGTAAAGAGCCCGCTTAACGGAACGTCAAAACGGTAAGATAGACTGAGGAACTTATTATAAGCCCGATATACCCCACGGCCAGAACTATTGGTCTGATTAACTCACATGATGTACAATAAAACCCCACGGTCATCCAGGTAATATAG	35.93102025303359
GCAACACTAATGAAGGTAATAGACGTGGGGATAGATCTGGTTCGATGCGAGCAGGTTTCGCGTTTAGCAATGTCTATGTGACTCTTAATTCTTACGCGTTTAATGTCTTGACAGTCCACGCGCCGCGTAAGGTATCAGAGCAGCGCACAGGTAGCGCCCCAAACGGCAGAGATCGCTTCGACAATCCACTAAAATCGCTG	99.33795069393821
TCGGTTGGCTCGCCTCGGGCCGCGAATCAGACGGGCCTCAGTTTTTTACTGGTACATGCACTGCAGCTCAATGAGGCAAATAGGGCTGGTGGCCATAAGCCCGTCTTAAAACGCGGTGGTAATTACAGCTGCTTCCTGACCACCCCGGATAGTCAGCTTGTTTGATACTTTGTAATTCCCACCACTCTGTCTGCCCAGGT	56.992021326795026
ATTTAGGCACCGGCGGAAGTGACGCAATCTATAGCTGAATGGGGGCACTCACTCTGTCTTTTTTTGCGTACGATGAGCAGCTTCCCATTAGAAAAACAGGAGGCCTGTCAGAAATATGTAGAGTCATTTTCTTCATAACCTCTGCCAGTTCGGTAGGTCCTTAAAGGATTCCTATGTTAAGTCGTTGCCTGGTACTCCTT	83.96571166276532
TGTGGTTTGGTAGGCGTGGACGAGCTTCAGTGCGGACTGGATAGCCCGTCCACTTGAGATCTCAGAGATCCGAGAACTGCTTCCGTTGTGTTACCCTCTGAGCAGAAAACTTATAGATGGTTTCCCATAGGCGTGGTCGAGCTACTATTGTTATAACCCTACACCTTGGGACCTTTAGATAATGAATGATATCGTGCACG	51.75446185575802
GTCTGGAGGCTCAACATCTGCATTGGGGAGCACCATGTAGCTAAGCCACTTCCACCGTGGACATAGGACTCCAACGCAGAAGCCACATCAGAACAGGGTCGTTTCCGGGCAGACTCCCTGCGAGCGGTTAGGACAATGGGTTAGAGGAGACGGTGACGATTGGGCGGAACCTTGGTTTTGGCGGACCTCGCTTAATAGGG	59.98454167192635
GGTTGATTCCGTTACGGCGACTTTGATGACCTCTTGCAGGACGATAAGGGGCGGGGGTCATCCGTTTAGAGAATAGCATAGGTGCATCCTTACATAGAAAGGCAAAGCCACTGAACCCTCTACACTCACGGTATTTTCGCACGACGCTTGTGCTGGAGTCCTTTCTGATTGGCGTTAGGTCGCAGGTTGCCGACTATGTT	41.82994713460797
AACCCCCGTTCCACTCCTGATACTTGGTCAGGGTGTTGTTAAGGACTTTGGGCTCCTAGTAGTGCGGCAAGCATTGTAGCACGAAGAGTGACCGGAAGCCCTTTCCTAGCCCAATAATAAGCCAGGTGTGAGCTACGTAAGCGCAGATTGACATAACCATTGGCTAGTCCAGCACTGCACTTTGTACCCTATGGATCGTG	33.17568699894257
CTTCACTTACTGAAAGTTATAGTAACAATTCCCGCCCAGGGGATGTATGCCACACGCTGTGGAACAGAAGGAGAACCGTGCCTCCAGTGGCTAAGATGCTTACATAGTAACGCCCTATGTATTTGAGATCCAAAGGATCCATCTGTAGGATGGGCGCGTATTGAGTCATGTCCTACTACTAATAAACTAAGAATAACCTT	66.67717856771382
AGTTTTAAGTCTCAAGTTGTATTCGGTACCAGACGTCTGCGAATGATTGTTCGACATTGTGTTCGGGCCGTTACGCAACATGTACTTAATCCGCACACTCAGTCTGCCGGCTCACGTGTAACCTCGGATCCCCCATTTGACGTGAGGTTTATGCACGCGGCGCAAGTGACTCAGACTGTGTCGCCATTTAGGATGCGGAA	78.58493828539098
AAGCTTGCGGCAAAATACCCGTGCGAAAGTACGTGTAATGCTCGGGGTCACACGGTCCCGATATCGCGTTAGGTAATACAATGATCGCAGACACCGATGTATAGTGAGGACCCTTGACGAGTGATAGTCAGCGCCAAAGCGAGAGAACGTCAGCTGCAACAATGACAGGTTTGGACTCACTTGATGGAGCCAAAACAGCC	10.23410138435954
TCCGCGACCGTCTTACCACGCGCCTTATTTAGCCTTTTGATTCAATGCGAACCAGAATCGTCGGCTGGATCCTTCGCCACCTCCTTATAGCCGTCAGCAATCACGCGTAGATATTGAGGTCGTTTTCACAGGAGGGGCCGGGACCAGAGGATCGAAATTGGACTCTGAGAGATCTCCCGCTTTACCCACATACGGTGCAA	90.31579431983188
TGTCTCAAGCCAATCCATGGAACAACTGGAAACACGAGAATACGTATTTCCAGTACCAGCGTGCCGGCAATGAAAGTAAAGACACGGGTGCATCCCGTTCATTATTTTTTGACTTACCACTCAGTCAGGAGGGTATCGAATTGACAGTGGCAGCTCAGGGCCCTAGGATCGTTACATAGCTGCAGGGGCGGGATTTTCCA	76.22860068454557
AATCAGAGTAACGTATGTAGAAGTTTATGGCTCGGTAGTTAAAATTACCCGTAGGCATCCGTTTGACAGCATTCGTCGTAGAACAATGCCCAGGTGAACTGATAACGCTGCCGTTGAGCTCGACCAAGGAAAACATATACTCAAGCCAGGCTTCGCGCGTAATAGGGCTAGGGCTGCTCGAAGGACCCCGGCGACGCAGA	92.60573074658589
TGATATCGGGCGCGTTTTGGGTGCAGTGAATATCTGTCTGGCTTCGGTAACAAGATCGGGCTAATACCGTATCTCGATGCATACCGACGCGGCTGCCTATGTGGGGGTACTCATGCTACCCGACCCTCTTATTGAGAGTGGAACTCAAAGACCCATGGGCCTTTTGCCCGGCCTCCTCTCAGAAACTATTCAGCGTTGCT	6.828318805390743
GTCAAGCACATCAGATCCTTCACTCGAGGACTGACTAAATCCATACAGGCCGTACCCAGTGATGTACCCAATAGATGACGACAATTTGTGGGAGAGGAGTCCTTGTCTCTGAAGCAGCGGAGTCATTGCGCGATTTGATTGGTGAAATTTCTGATCTGCTTAACGCATGGCGCTAGTAGATCTGATGTCTCACCTCGTAC	36.4205869953276
TCACCAAGTGAGCCGCGTTAAAGTCTACACGACTGCCGTGTTATATAATGTAGCCTAAGATGGCTTATCTTCAGTTGAGGGTTACGTGAGCTGCAGATCTCGCACCCCCAGAATACCAGGGGTTTAGGATTTAGGTCAATGGTTTTTGTTTTGTTAGCAGCTGGGCATGAGTCTCTGGGCCATAGATCTCTGAATTCGTT	20.21692513239104
ACCAGCACACCCAAAAGATGGGGTGGCGGCTAGAGCTTGGTCGATCTACGGTTTCCGTGATCGTAAATCGTGTTCCTGCTGATTCTTAAACTAAGCACTCACAGAAGGTCGGTCCAATGTTCCCGACGCCTCGCAGACATGGGAGCACGGCGATGGACCCATACGGAGCAAATTACCGCCTTCTTGGGTTATCTGTCGGG	55.7416274597885
AGTACTTTAGCCCGCTACAGAACGCCATCTGCGTTCCACACTAACTGCGGTAGCAATCCATGAAAGGCTGCTGGGCCTAGCCAATCCTTCGCTATGTAACCGCAAAAATCCGTTTGGTGTATCGTACGGTCCCGTGTGAGGTCGATGTCGAGATTTGGTGTAACCTGCCTGGCAACCCGAGGGTGCTCCTTTAGAGCTGC	5.74176474279573
TAACTCCCAACGCGCCCGAAGTCGATTGCATCGTTTAATCGGTTTTGCTAGCTCGAGGCGTCTCTTCCCGTCTCGTCTAGTCCCGGTTTAAGAGTAATTCTTCGGGACGATGTACGGACCACAATCGTTACCTTCAACCAATCAGCAACCAGCCACCTCAGACACTACCATTCAACGACATTGTAAAAATTGCCGGCGCT	11.373251954256025
AGGTGTAATATACTCCAGAACACGACCCATAAGCCGACCGCTTCGCACACAATTGGCCCTTAAATTAATTTCACGAGCTGCTTCACCAGATGCAGAGCAGAAGATGGAGGCGTTTACTGTTTAACATTGGAGCGGAATCTCTTCCCAACCAGAACACGATCTAAAGACGATGAATGTAATATGGTTTCACGATAGGACAA	91.39139885030467
AGGTTTTTTAGCGTAATACATTGGATTACCCAGGCGTCTTCGCCAGCGTCGTCTCCCGTACGACTTCGTGGGCTCCGTGCCATTTCCTCGCCGATCAATTCCGAAGCAGTCGGCTCTCTCCCGTAGGGGGAGCGGCAAATGGGGGTGCAGCGTCAGACAATGTCGTGCTCGTCGCTGAGCAATGAGGACGTCCAGTCGGC	99.76421600298559
AACGTGCTTCGCAAGTATTTAATTCTGACATATGATAGTAGAAACGACCATAAGACTCTCCACATAGGCGATTTTGCAAAGAGGCGTATCTCCTAGGCGGTGTTCTCCAGGTTTCTTTATGAAGCGAGAGCACGTACGTTTATCGGTTATGACAAAGCTCCTGGAACGGGAGCGTGCGCGCTTGATTGGTCTGGCGACCG	93.82113502753427
GTTAATGCCTCGTGCCTTGACACGGATAAGAGACGCTGTGCGACTTCGCGTAGCTCAGAGCATCCGTAATTCTCCTGCCAGAATATACCCAGGGAGCTTACACACTACAACTTTTTTTCTGTTGGGGGACGAGGCGAAACTCGGCCACCCCACGAGGGATACTGATCTATTGAGAGGTTCATGCGCTTCACGATGTCGCA	15.768312088318016
GCTTACGCGAGGATGAGGTGGTGGCCAAGAGCGCTTGGGTAATTGAAGTTACTTCGACAAGATTATCGTACATACGATCATGGTGCTGGCCCTTGAGATTAGGTAGGTTATTGACTCTGTAGGGATAACCGTCCCGGACGTTACACTTGTTGTTCATCAGCTAGCTCCGATGCCAACTGTAATTCAATCTAGGCTATCCC	1.2070852616638095
CGTTCGTTGTGCGAAGAACCTCACCGCTGTCGCCGTAACACATGTCAGCAAACATTACTTTTCTGTCACCTGGGACCTACGACTGCGCACCGGCTGTTAGACAGTTATACTGCGGAGCCCAAGAGTTTTGACTATGTTGCCCTAGGACGGGCGGTTTTACTGGAAAGGTTCCCGCTAAGACTATTAGCTATATCACACCA	94.35029109320897
CATTTTCTCACTCGGCTGTTATAAGTGTGCTTTAGGTTCCATGAGGTTCAGTAACGCACCTTCGGTAAGAGAAGTAGTAAAAAATCGGTTCGTGCTCAGACAGTTACCACAGGCGCGAAAACGGAGCGACGTACCCTTTTTATCGACGACTCTGGCAACTCCCTACTTCCATAGGAGACCAATTAGTTTTTACCACACTG	80.3827110214929
GAGCCACTATTTTACGTCTGGTACTGTTGGAGGCTGCGTGGCGCTAAGAAAGTTCCGAGTTGTTAGATACCACGTGACTGTACGGTCCCCCGGCGGTAGAGGTCTCACCGCTATATCTTGTTCCTACGGTTCTACACCGACCCATCGCGAGGGGGACGCAGAACGTCACCCTTCGGAGTTGTATTCACCGATCTGTGCGT	38.66013739298199
CCACGTCGTTCTCATCCAGTAATCTCACCTGAGTGAATCGCACAAATTCTTCCGGGGAGAGTTCCGAAAGTAATTAACTAGTAATGGCATCGGAATTTGGTCCATGACGCCCGGGATAAATCGACCAGATTTAGGCCCATAGTGGGACCGCCACAGCAGCATTAACTTCGAGATCCGACGCACCGACTGTCCCGGACTTG	25.689068593447427
GCGACCATGAGTCCAGAGAGTAGAGACCTTCAAATGGGTCAATATGAACGGTGTGTCTGGTTTATCCTTAGTGACAAACTCCGCGAGCCGATACTGTTGCTTGACATCTTATGCGACGCTTGCCCACGCGCTAGCCTCGAAAGTGTGGTCTTAGATTAGGTGTTCTAACGAGTCTAAAGATGTGCATCATTATATGTCCT	24.724704256804873
AAAGGTTTACTGTCACACTGCGATAGAGGGCTCAGCTTCAGGTTATATGGAGGAAAGATGTACCAATGATTCTCCGGCTCGGTCGATCTTGGTGTCTAAGCCGATTTAGCTAATGCAGACGTAAGACATTTTGCTATACTTATTCGATGCTCAGCATTTTCCTACGGCATCAGGTGTCGTAGTTCACTATAGGACTACGA	70.15716256486824
TCACCATTTTTGGAGCCGCATGCGCCTATAGACAGTCCACTTTGGGGCTAGAATAGGTAGCGATTGGACCGTCGTCTCGTAATCGGAGATTGACTGGCACTCGGGAATTCACGTATGTAGCTGCCCCGTAAAAGACTAGAGCTGACTATCAAAGAGAAGACCGAGAAAGTCGTACACAATTGTACACGTTTGCACGCTCA	45.703716440682406
GGGACTACACCAGTGTGTATTGTACAGGAGCTGATGGATCGCCCCATCGTTGACTACGGTGGTAAGCCGACGGGCTGACATTGTCCGTCTTCCCTCACTGCGACGGTACCAATTAATCGGACTGGTCGCGAGCAACCCATTTATTTGTTCAAAAGACGCTCTAATTTGCCGCCGCCCCGCGTTTCTTGGTGACAGCAAGG	43.19759606963453
ACTCCTTGCAGTGCGGTTATCCGCCACGGTATTGTTTATCTACGGGCAAGTCCGAAGTCTTTCTCTGGTTATCCAAAAAAGCTTATCGAGTGGAGATTAAAAGGTCGCCTGTTGCGCAGATATCGACCGCCGCTTGTTTTCGCTGTGACAAGTAGATTACATAATGTTTTGTCATACGCGTTCACCGCTGCGGTTTCGAT	96.95852589624823
AATCCGTTGTACTAGCTCATCTGTGGCAGAGTTCAATCTCAAGATGATTAGAACGCTCTGCTCGTTTTAGGGATACTAGGCTAACCCACCTCTGTACACTGAGTTACAGCGAGTATTGGCCCGGCGTATCACCCCCGCTTAGCGTGTCTGTGTGGGATCCAAAGAATGTGGAGAAGAAATTTGGTTACTTTCTGTGCCCG	81.72385576681334
TGTCCTCCTCAAGACCTGCTCGGAGCAGAGAGTCTATTCAGGTTCTTAGAATGTCTTGCTGTGGGTACAGGGTATCGCGTGTTTGCTCACCGTTGTAATGGTCCCAAAGAGGGATCTGGGAGACGGCGTCTACCCCATGCCGCGTGATCCATATTGTCTCTTCATTCCTTTATTGGAAGGGATCTCAAATCCCTGCTCGG	38.5811084789051
AGGAGTTAATTGCTCGGATAGATGGCAGCTGTCTCGATAGACATTTCACAGTCTACTGCTCAGCGACTATCATCAGCATGCTATTCCTTGTATTTGGGTCGGAAGTTCGAGACGAAGGTCCGTGGTCAACGAAGAGATGCATTAATAAGGTTACGAGTGAAAGGGACCTATATGGCGTGACTCCTGTCCGGGATACCGAG	87.11779612513061
CGGTTCAAAGGCAGTTCGAGATATATCATAATTACACGTACAGAATGGGTTCGTCACGCTACTTTTCCGTGTGGAATATCCAGTATAGCTAGGTATGAGGAGCTGGGCTGGGAACTAGTTCACCTCTGCGCTTATGAGTGGACTACGCGCGGGTACCTCACGAGGAAGGCGCTGAGTAGCATCTACTCCGACCTACCTTC	45.130200123383254
CCTCTTTTGTGAGTTTGCGGCACTTGTCTTGAGCTTTCCACATACATTAGCGACCCCAGAAATTGACCTCAACGCAAGGCTAGTCGAGAATTATCCTGAGTACTCCGTCCGACTACGATCAAGAAGTTATCAATGCTTTGACTATCAGATCTCATAGCACACAAGTCTATACGTGGTCACCTCAGCCCCCTCGGAAGCGT	77.08558804045244
GGCATGGGTAATCGTCTTCTGGGAGGCTGAATTAACATCAACGAGCCCAGTTGAAAAGTAACCGCATCCTACATGCTTCCATAGACCAAATATAGGTGAGAGAAAAGTTCGCTCGGATTCGCGACACCTTAATTGTACGCCGTTTGAGAGTATGCCCTTGCTAGTATCATAGAAAGCGACGGGGTTCACTATGAATTGGG	65.46540636830387
GTACGAAATTATATACAAACTCCAATCACGTTGTGAAAAGGCTATCGAATGCGCGAAGTGGTTCGCCCATGCAATGTACGAGCCGTTGCATGTGGCCATGGATAGGAACTACGTCAATATTGTTAACAGAGGGTGTCCGCGTCTTAATGCGCATGAGACTAAAGTTGAGCAGGAGTCAGTCTTATCCGATAAGGATCTAA	39.37527202241298
CAACATGCCCCCACGTTTCGACGTATCTAGACGCTTCCCGTCTGCAGCAGCATCTGAGTAGCGAGCGCAGGTTCTGCTCTGTCCATACCACGAAACCAAATGCGACGTGGACCCCCCCATCGTAGCACTAGTCTCACATCCTAACTAGACATGGCACTGTCAACCTAGGTCGGGGATTAAGCGGCCGAAACCGACGTTCG	51.54452062124586
GCTAGTGAGCCATATTTTATCCAAATAAGGCACTCACGACTTATACTCATACAAGGCATCATCGTGCGTGTCCGGATGCAGCTTACATCAGTACGGAATGGGTGTATGGCAGGAGAGGTTGACAATTGCAAACGAGAGATTAAGGTGGGAAAAGAAGTGGGTTCGTGCGTAGCGTTCGTTAACATGAAACATGCGAAGGA	30.8275537492816
AGATATGATGTTTCAACCCATTTACGGTATGGGTTGGCGGACCAACTCGGTCTGAGGGAAGTGGTCCGTATCTTTTGTCTAGCGCGAATATCTGTTTTTTAAACGCTGCGCATTTAGTTGAAGTCTTAGGTTTAGAGTTACGAAGGGGGAGTGCGTCTGGGGGGTTTCCGGCAGAGCATCTTCCTTGTAGCTTACTTACT	43.51788586478224
GGCGCGAATTATGCTTTGCGTATGAATCTGATCGCGAATAGTTATCCATAAACCGACCTGCCTCGGAAATGAACGTGACAACTAGTGGAACACCAGTTTGCCGCCTGGCGTCTTCGGACACTTCATCATCGAGGCCTTCGGCTCTTTCGACTTCTTGTTAAGATTCTTGCGAGTCAACAGAGAATAACGCCTACTGTAGT	22.201751768860213
GGAACGCAAAAGGGTTCACTAAATGCATGTATCACATCTCCTAAAAGCTCACCGAATACTGGTTACGAGCGAGTAAAAGGAAGCAAGTACTTCGTTTTAGGGTCGTGAGCCGTGATGTATGGACTTAAGATAGAATGGTACTTTGAGGGAGGCGCTTAAGAAGACTTCTGTAGCGATAGCATTATAATAGCTGTCCTTTA	68.31704381657505
GGATAGAATTAATGAAATTGCGGGTTATTTATTTCACCCGAGCACAGCTCGTCCTTGAACAGGGTTAACCGTCACTAAACGTAATCATCTACGGGAGATTTATTCTGTCTACGCTTCCACCGGGAATGATTCTACGAAAATTGGGCCAAGTACGTATATGCTGAGGTAGCAGTACTACTTGGACAAGAAGTGGTCAGCTG	2.436172502345535
CCGATCGGCCAGCGAGGAACGCGTAATTGAGACAGAAGAGACAATGAGGAGTCCCTTCTGTCTCACGCCATAGTCTATACGACTCGACGACTTGCTGCTGCAGGGGTAGAGAGTCATTTCCACCAGCCCCCATACGACTAGAAGCTTTGTATCTACTGTTTCTAGCTCACCCATAACGTTATGATCAATCTTCATTAATT	85.35193561963267
ACTAGCGCGTGATATCCGATTACAAACGAGGGTAGCCGTGTTCTACACAATTTGAGTGCATACTCGCTACTTAGAGGTACTCAGCATGTCGTGGCCATCTCAGTTTCAGATGTGAAGTTGTTCATGTGCGGGCGGTTTCCATCCTTGATAAGGACCTCTCCCCTCCGGTTCTTAACGTGTGAGCTAGCTCTCGATAAACT	41.2590688927282
GTATAGAAAAATTGGGGGCAAATGTCTGCAGCCGTCATCCATTGTAATATAATACGACGAATGCCTTGCGGTGCTGAGCGTTGAATACGGCTGGTGCAGAGGCCCAATGCACCTTGGGCCCGGTTTGAGTTCGTGTCCGAATTAAATGGCCCATGCACCTGGTACGAAGGTAGGCGGTGACCGCGGATAATCACGGCGTG	85.68827385168267
ATCACCAAACTGCAAGGGTCTTATAGATAGATCTCCTTCGCCTGTCATAGTATCTTTGCCTCTAGGGGACGTCCTCAATGAGGCTGTTAGGCCCATCACGTGTATATTGACAAAACTTGGTAAGACGCATCAAGCTTCCTCTGTCCTTGCAAGCGCTCATGTCAGGGGATGGTCGCGACTTAGTCTGATAGACGAAACAT	45.293108471170164
ATGAGGGTTATTTTAAGAGCGAAACTGGTTGTGTTGTCCTTGAAGATGACCCAGTCAGTATATGCTCAGCGCATATCCATAGATAATTATACTTAGAGAATTTTCAGTTATATGTACCCATGTTCGCTGTTTCTGCCAATAGGTGGAACCTTCAAGTTAGACCGTGACTATGAGCCAGTCTACAAGAACTAAGTAGTGGG	5.99832219629538
